Country,Category,DateTime,Value,Frequency,HistoricalDataSymbol,LastUpdate
United States,Exports,1950-01-31T00:00:00,795,Monthly,TBEXTOT,2016-03-04T14:46:00
United States,Exports,1950-02-28T00:00:00,792,Monthly,TBEXTOT,2016-03-04T14:46:00
United States,Exports,1950-03-31T00:00:00,772,Monthly,TBEXTOT,2016-03-04T14:46:00
United States,Exports,1950-04-30T00:00:00,786,Monthly,TBEXTOT,2016-03-04T14:46:00
United States,Exports,1950-05-31T00:00:00,772,Monthly,TBEXTOT,2016-03-04T14:46:00
United States,Exports,1950-06-30T00:00:00,831,Monthly,TBEXTOT,2016-03-04T14:46:00
United States,Exports,1950-07-31T00:00:00,821,Monthly,TBEXTOT,2016-03-04T14:46:00
United States,Exports,1950-08-31T00:00:00,813,Monthly,TBEXTOT,2016-03-04T14:46:00
United States,Exports,1950-09-30T00:00:00,889,Monthly,TBEXTOT,2016-03-04T14:46:00
United States,Exports,1950-10-31T00:00:00,893,Monthly,TBEXTOT,2016-03-04T14:46:00
United States,Exports,1950-11-30T00:00:00,940,Monthly,TBEXTOT,2016-03-04T14:46:00
United States,Exports,1950-12-31T00:00:00,915,Monthly,TBEXTOT,2016-03-04T14:46:00
United States,Exports,1951-01-31T00:00:00,970,Monthly,TBEXTOT,2016-03-04T14:46:00
United States,Exports,1951-02-28T00:00:00,1022,Monthly,TBEXTOT,2016-03-04T14:46:00
United States,Exports,1951-03-31T00:00:00,1080,Monthly,TBEXTOT,2016-03-04T14:46:00
United States,Exports,1951-04-30T00:00:00,1256,Monthly,TBEXTOT,2016-03-04T14:46:00
United States,Exports,1951-05-31T00:00:00,1133,Monthly,TBEXTOT,2016-03-04T14:46:00
United States,Exports,1951-06-30T00:00:00,1132,Monthly,TBEXTOT,2016-03-04T14:46:00
United States,Exports,1951-07-31T00:00:00,1234,Monthly,TBEXTOT,2016-03-04T14:46:00
United States,Exports,1951-08-31T00:00:00,1233,Monthly,TBEXTOT,2016-03-04T14:46:00
United States,Exports,1951-09-30T00:00:00,1233,Monthly,TBEXTOT,2016-03-04T14:46:00
United States,Exports,1951-10-31T00:00:00,1101,Monthly,TBEXTOT,2016-03-04T14:46:00
United States,Exports,1951-11-30T00:00:00,1273,Monthly,TBEXTOT,2016-03-04T14:46:00
United States,Exports,1951-12-31T00:00:00,1309,Monthly,TBEXTOT,2016-03-04T14:46:00
United States,Exports,1952-01-31T00:00:00,1250,Monthly,TBEXTOT,2016-03-04T14:46:00
United States,Exports,1952-02-29T00:00:00,1236,Monthly,TBEXTOT,2016-03-04T14:46:00
United States,Exports,1952-03-31T00:00:00,1281,Monthly,TBEXTOT,2016-03-04T14:46:00
United States,Exports,1952-04-30T00:00:00,1138,Monthly,TBEXTOT,2016-03-04T14:46:00
United States,Exports,1952-05-31T00:00:00,1129,Monthly,TBEXTOT,2016-03-04T14:46:00
United States,Exports,1952-06-30T00:00:00,1063,Monthly,TBEXTOT,2016-03-04T14:46:00
United States,Exports,1952-07-31T00:00:00,970,Monthly,TBEXTOT,2016-03-04T14:46:00
United States,Exports,1952-08-31T00:00:00,1012,Monthly,TBEXTOT,2016-03-04T14:46:00
United States,Exports,1952-09-30T00:00:00,1028,Monthly,TBEXTOT,2016-03-04T14:46:00
United States,Exports,1952-10-31T00:00:00,1004,Monthly,TBEXTOT,2016-03-04T14:46:00
United States,Exports,1952-11-30T00:00:00,1026,Monthly,TBEXTOT,2016-03-04T14:46:00
United States,Exports,1952-12-31T00:00:00,1016,Monthly,TBEXTOT,2016-03-04T14:46:00
United States,Exports,1953-01-31T00:00:00,1041,Monthly,TBEXTOT,2016-03-04T14:46:00
United States,Exports,1953-02-28T00:00:00,971,Monthly,TBEXTOT,2016-03-04T14:46:00
United States,Exports,1953-03-31T00:00:00,1001,Monthly,TBEXTOT,2016-03-04T14:46:00
United States,Exports,1953-04-30T00:00:00,1024,Monthly,TBEXTOT,2016-03-04T14:46:00
United States,Exports,1953-05-31T00:00:00,1008,Monthly,TBEXTOT,2016-03-04T14:46:00
United States,Exports,1953-06-30T00:00:00,998,Monthly,TBEXTOT,2016-03-04T14:46:00
United States,Exports,1953-07-31T00:00:00,1011,Monthly,TBEXTOT,2016-03-04T14:46:00
United States,Exports,1953-08-31T00:00:00,1026,Monthly,TBEXTOT,2016-03-04T14:46:00
United States,Exports,1953-09-30T00:00:00,1154,Monthly,TBEXTOT,2016-03-04T14:46:00
United States,Exports,1953-10-31T00:00:00,951,Monthly,TBEXTOT,2016-03-04T14:46:00
United States,Exports,1953-11-30T00:00:00,1035,Monthly,TBEXTOT,2016-03-04T14:46:00
United States,Exports,1953-12-31T00:00:00,1073,Monthly,TBEXTOT,2016-03-04T14:46:00
United States,Exports,1954-01-31T00:00:00,962,Monthly,TBEXTOT,2016-03-04T14:46:00
United States,Exports,1954-02-28T00:00:00,1047,Monthly,TBEXTOT,2016-03-04T14:46:00
United States,Exports,1954-03-31T00:00:00,862,Monthly,TBEXTOT,2016-03-04T14:46:00
United States,Exports,1954-04-30T00:00:00,1196,Monthly,TBEXTOT,2016-03-04T14:46:00
United States,Exports,1954-05-31T00:00:00,1087,Monthly,TBEXTOT,2016-03-04T14:46:00
United States,Exports,1954-06-30T00:00:00,1091,Monthly,TBEXTOT,2016-03-04T14:46:00
United States,Exports,1954-07-31T00:00:00,1076,Monthly,TBEXTOT,2016-03-04T14:46:00
United States,Exports,1954-08-31T00:00:00,1067,Monthly,TBEXTOT,2016-03-04T14:46:00
United States,Exports,1954-09-30T00:00:00,1056,Monthly,TBEXTOT,2016-03-04T14:46:00
United States,Exports,1954-10-31T00:00:00,1111,Monthly,TBEXTOT,2016-03-04T14:46:00
United States,Exports,1954-11-30T00:00:00,1147,Monthly,TBEXTOT,2016-03-04T14:46:00
United States,Exports,1954-12-31T00:00:00,1130,Monthly,TBEXTOT,2016-03-04T14:46:00
United States,Exports,1955-01-31T00:00:00,1168,Monthly,TBEXTOT,2016-03-04T14:46:00
United States,Exports,1955-02-28T00:00:00,1198,Monthly,TBEXTOT,2016-03-04T14:46:00
United States,Exports,1955-03-31T00:00:00,1159,Monthly,TBEXTOT,2016-03-04T14:46:00
United States,Exports,1955-04-30T00:00:00,1113,Monthly,TBEXTOT,2016-03-04T14:46:00
United States,Exports,1955-05-31T00:00:00,1132,Monthly,TBEXTOT,2016-03-04T14:46:00
United States,Exports,1955-06-30T00:00:00,1170,Monthly,TBEXTOT,2016-03-04T14:46:00
United States,Exports,1955-07-31T00:00:00,1223,Monthly,TBEXTOT,2016-03-04T14:46:00
United States,Exports,1955-08-31T00:00:00,1215,Monthly,TBEXTOT,2016-03-04T14:46:00
United States,Exports,1955-09-30T00:00:00,1235,Monthly,TBEXTOT,2016-03-04T14:46:00
United States,Exports,1955-10-31T00:00:00,1260,Monthly,TBEXTOT,2016-03-04T14:46:00
United States,Exports,1955-11-30T00:00:00,1215,Monthly,TBEXTOT,2016-03-04T14:46:00
United States,Exports,1955-12-31T00:00:00,1226,Monthly,TBEXTOT,2016-03-04T14:46:00
United States,Exports,1956-01-31T00:00:00,1289,Monthly,TBEXTOT,2016-03-04T14:46:00
United States,Exports,1956-02-29T00:00:00,1290,Monthly,TBEXTOT,2016-03-04T14:46:00
United States,Exports,1956-03-31T00:00:00,1348,Monthly,TBEXTOT,2016-03-04T14:46:00
United States,Exports,1956-04-30T00:00:00,1394,Monthly,TBEXTOT,2016-03-04T14:46:00
United States,Exports,1956-05-31T00:00:00,1413,Monthly,TBEXTOT,2016-03-04T14:46:00
United States,Exports,1956-06-30T00:00:00,1442,Monthly,TBEXTOT,2016-03-04T14:46:00
United States,Exports,1956-07-31T00:00:00,1412,Monthly,TBEXTOT,2016-03-04T14:46:00
United States,Exports,1956-08-31T00:00:00,1454,Monthly,TBEXTOT,2016-03-04T14:46:00
United States,Exports,1956-09-30T00:00:00,1586,Monthly,TBEXTOT,2016-03-04T14:46:00
United States,Exports,1956-10-31T00:00:00,1509,Monthly,TBEXTOT,2016-03-04T14:46:00
United States,Exports,1956-11-30T00:00:00,1360,Monthly,TBEXTOT,2016-03-04T14:46:00
United States,Exports,1956-12-31T00:00:00,1836,Monthly,TBEXTOT,2016-03-04T14:46:00
United States,Exports,1957-01-31T00:00:00,1653,Monthly,TBEXTOT,2016-03-04T14:46:00
United States,Exports,1957-02-28T00:00:00,1577,Monthly,TBEXTOT,2016-03-04T14:46:00
United States,Exports,1957-03-31T00:00:00,1881,Monthly,TBEXTOT,2016-03-04T14:46:00
United States,Exports,1957-04-30T00:00:00,1739,Monthly,TBEXTOT,2016-03-04T14:46:00
United States,Exports,1957-05-31T00:00:00,1560,Monthly,TBEXTOT,2016-03-04T14:46:00
United States,Exports,1957-06-30T00:00:00,1674,Monthly,TBEXTOT,2016-03-04T14:46:00
United States,Exports,1957-07-31T00:00:00,1617,Monthly,TBEXTOT,2016-03-04T14:46:00
United States,Exports,1957-08-31T00:00:00,1617,Monthly,TBEXTOT,2016-03-04T14:46:00
United States,Exports,1957-09-30T00:00:00,1605,Monthly,TBEXTOT,2016-03-04T14:46:00
United States,Exports,1957-10-31T00:00:00,1546,Monthly,TBEXTOT,2016-03-04T14:46:00
United States,Exports,1957-11-30T00:00:00,1534,Monthly,TBEXTOT,2016-03-04T14:46:00
United States,Exports,1957-12-31T00:00:00,1493,Monthly,TBEXTOT,2016-03-04T14:46:00
United States,Exports,1958-01-31T00:00:00,1423,Monthly,TBEXTOT,2016-03-04T14:46:00
United States,Exports,1958-02-28T00:00:00,1322,Monthly,TBEXTOT,2016-03-04T14:46:00
United States,Exports,1958-03-31T00:00:00,1385,Monthly,TBEXTOT,2016-03-04T14:46:00
United States,Exports,1958-04-30T00:00:00,1364,Monthly,TBEXTOT,2016-03-04T14:46:00
United States,Exports,1958-05-31T00:00:00,1379,Monthly,TBEXTOT,2016-03-04T14:46:00
United States,Exports,1958-06-30T00:00:00,1337,Monthly,TBEXTOT,2016-03-04T14:46:00
United States,Exports,1958-07-31T00:00:00,1361,Monthly,TBEXTOT,2016-03-04T14:46:00
United States,Exports,1958-08-31T00:00:00,1365,Monthly,TBEXTOT,2016-03-04T14:46:00
United States,Exports,1958-09-30T00:00:00,1354,Monthly,TBEXTOT,2016-03-04T14:46:00
United States,Exports,1958-10-31T00:00:00,1349,Monthly,TBEXTOT,2016-03-04T14:46:00
United States,Exports,1958-11-30T00:00:00,1401,Monthly,TBEXTOT,2016-03-04T14:46:00
United States,Exports,1958-12-31T00:00:00,1339,Monthly,TBEXTOT,2016-03-04T14:46:00
United States,Exports,1959-01-31T00:00:00,1314,Monthly,TBEXTOT,2016-03-04T14:46:00
United States,Exports,1959-02-28T00:00:00,1256,Monthly,TBEXTOT,2016-03-04T14:46:00
United States,Exports,1959-03-31T00:00:00,1326,Monthly,TBEXTOT,2016-03-04T14:46:00
United States,Exports,1959-04-30T00:00:00,1305,Monthly,TBEXTOT,2016-03-04T14:46:00
United States,Exports,1959-05-31T00:00:00,1320,Monthly,TBEXTOT,2016-03-04T14:46:00
United States,Exports,1959-06-30T00:00:00,1357,Monthly,TBEXTOT,2016-03-04T14:46:00
United States,Exports,1959-07-31T00:00:00,1397,Monthly,TBEXTOT,2016-03-04T14:46:00
United States,Exports,1959-08-31T00:00:00,1432,Monthly,TBEXTOT,2016-03-04T14:46:00
United States,Exports,1959-09-30T00:00:00,1528,Monthly,TBEXTOT,2016-03-04T14:46:00
United States,Exports,1959-10-31T00:00:00,1328,Monthly,TBEXTOT,2016-03-04T14:46:00
United States,Exports,1959-11-30T00:00:00,1376,Monthly,TBEXTOT,2016-03-04T14:46:00
United States,Exports,1959-12-31T00:00:00,1493,Monthly,TBEXTOT,2016-03-04T14:46:00
United States,Exports,1960-01-31T00:00:00,2048,Monthly,TBEXTOT,2016-03-04T14:46:00
United States,Exports,1960-02-29T00:00:00,2068,Monthly,TBEXTOT,2016-03-04T14:46:00
United States,Exports,1960-03-31T00:00:00,2055,Monthly,TBEXTOT,2016-03-04T14:46:00
United States,Exports,1960-04-30T00:00:00,2199,Monthly,TBEXTOT,2016-03-04T14:46:00
United States,Exports,1960-05-31T00:00:00,2216,Monthly,TBEXTOT,2016-03-04T14:46:00
United States,Exports,1960-06-30T00:00:00,2215,Monthly,TBEXTOT,2016-03-04T14:46:00
United States,Exports,1960-07-31T00:00:00,2195,Monthly,TBEXTOT,2016-03-04T14:46:00
United States,Exports,1960-08-31T00:00:00,2144,Monthly,TBEXTOT,2016-03-04T14:46:00
United States,Exports,1960-09-30T00:00:00,2145,Monthly,TBEXTOT,2016-03-04T14:46:00
United States,Exports,1960-10-31T00:00:00,2212,Monthly,TBEXTOT,2016-03-04T14:46:00
United States,Exports,1960-11-30T00:00:00,2200,Monthly,TBEXTOT,2016-03-04T14:46:00
United States,Exports,1960-12-31T00:00:00,2158,Monthly,TBEXTOT,2016-03-04T14:46:00
United States,Exports,1961-01-31T00:00:00,2116,Monthly,TBEXTOT,2016-03-04T14:46:00
United States,Exports,1961-02-28T00:00:00,2202,Monthly,TBEXTOT,2016-03-04T14:46:00
United States,Exports,1961-03-31T00:00:00,2249,Monthly,TBEXTOT,2016-03-04T14:46:00
United States,Exports,1961-04-30T00:00:00,2223,Monthly,TBEXTOT,2016-03-04T14:46:00
United States,Exports,1961-05-31T00:00:00,2164,Monthly,TBEXTOT,2016-03-04T14:46:00
United States,Exports,1961-06-30T00:00:00,2207,Monthly,TBEXTOT,2016-03-04T14:46:00
United States,Exports,1961-07-31T00:00:00,2187,Monthly,TBEXTOT,2016-03-04T14:46:00
United States,Exports,1961-08-31T00:00:00,2184,Monthly,TBEXTOT,2016-03-04T14:46:00
United States,Exports,1961-09-30T00:00:00,2158,Monthly,TBEXTOT,2016-03-04T14:46:00
United States,Exports,1961-10-31T00:00:00,2339,Monthly,TBEXTOT,2016-03-04T14:46:00
United States,Exports,1961-11-30T00:00:00,2268,Monthly,TBEXTOT,2016-03-04T14:46:00
United States,Exports,1961-12-31T00:00:00,2230,Monthly,TBEXTOT,2016-03-04T14:46:00
United States,Exports,1962-01-31T00:00:00,2222,Monthly,TBEXTOT,2016-03-04T14:46:00
United States,Exports,1962-02-28T00:00:00,2374,Monthly,TBEXTOT,2016-03-04T14:46:00
United States,Exports,1962-03-31T00:00:00,2219,Monthly,TBEXTOT,2016-03-04T14:46:00
United States,Exports,1962-04-30T00:00:00,2472,Monthly,TBEXTOT,2016-03-04T14:46:00
United States,Exports,1962-05-31T00:00:00,2432,Monthly,TBEXTOT,2016-03-04T14:46:00
United States,Exports,1962-06-30T00:00:00,2545,Monthly,TBEXTOT,2016-03-04T14:46:00
United States,Exports,1962-07-31T00:00:00,2272,Monthly,TBEXTOT,2016-03-04T14:46:00
United States,Exports,1962-08-31T00:00:00,2231,Monthly,TBEXTOT,2016-03-04T14:46:00
United States,Exports,1962-09-30T00:00:00,2420,Monthly,TBEXTOT,2016-03-04T14:46:00
United States,Exports,1962-10-31T00:00:00,2112,Monthly,TBEXTOT,2016-03-04T14:46:00
United States,Exports,1962-11-30T00:00:00,2287,Monthly,TBEXTOT,2016-03-04T14:46:00
United States,Exports,1962-12-31T00:00:00,2381,Monthly,TBEXTOT,2016-03-04T14:46:00
United States,Exports,1963-01-31T00:00:00,1603,Monthly,TBEXTOT,2016-03-04T14:46:00
United States,Exports,1963-02-28T00:00:00,2759,Monthly,TBEXTOT,2016-03-04T14:46:00
United States,Exports,1963-03-31T00:00:00,2570,Monthly,TBEXTOT,2016-03-04T14:46:00
United States,Exports,1963-04-30T00:00:00,2644,Monthly,TBEXTOT,2016-03-04T14:46:00
United States,Exports,1963-05-31T00:00:00,2616,Monthly,TBEXTOT,2016-03-04T14:46:00
United States,Exports,1963-06-30T00:00:00,2554,Monthly,TBEXTOT,2016-03-04T14:46:00
United States,Exports,1963-07-31T00:00:00,2379,Monthly,TBEXTOT,2016-03-04T14:46:00
United States,Exports,1963-08-31T00:00:00,2452,Monthly,TBEXTOT,2016-03-04T14:46:00
United States,Exports,1963-09-30T00:00:00,2504,Monthly,TBEXTOT,2016-03-04T14:46:00
United States,Exports,1963-10-31T00:00:00,2520,Monthly,TBEXTOT,2016-03-04T14:46:00
United States,Exports,1963-11-30T00:00:00,2523,Monthly,TBEXTOT,2016-03-04T14:46:00
United States,Exports,1963-12-31T00:00:00,2636,Monthly,TBEXTOT,2016-03-04T14:46:00
United States,Exports,1964-01-31T00:00:00,2693,Monthly,TBEXTOT,2016-03-04T14:46:00
United States,Exports,1964-02-29T00:00:00,2717,Monthly,TBEXTOT,2016-03-04T14:46:00
United States,Exports,1964-03-31T00:00:00,2708,Monthly,TBEXTOT,2016-03-04T14:46:00
United States,Exports,1964-04-30T00:00:00,2777,Monthly,TBEXTOT,2016-03-04T14:46:00
United States,Exports,1964-05-31T00:00:00,2772,Monthly,TBEXTOT,2016-03-04T14:46:00
United States,Exports,1964-06-30T00:00:00,2776,Monthly,TBEXTOT,2016-03-04T14:46:00
United States,Exports,1964-07-31T00:00:00,2735,Monthly,TBEXTOT,2016-03-04T14:46:00
United States,Exports,1964-08-31T00:00:00,2712,Monthly,TBEXTOT,2016-03-04T14:46:00
United States,Exports,1964-09-30T00:00:00,2854,Monthly,TBEXTOT,2016-03-04T14:46:00
United States,Exports,1964-10-31T00:00:00,2811,Monthly,TBEXTOT,2016-03-04T14:46:00
United States,Exports,1964-11-30T00:00:00,2844,Monthly,TBEXTOT,2016-03-04T14:46:00
United States,Exports,1964-12-31T00:00:00,3055,Monthly,TBEXTOT,2016-03-04T14:46:00
United States,Exports,1965-01-31T00:00:00,1910,Monthly,TBEXTOT,2016-03-04T14:46:00
United States,Exports,1965-02-28T00:00:00,2305,Monthly,TBEXTOT,2016-03-04T14:46:00
United States,Exports,1965-03-31T00:00:00,3421,Monthly,TBEXTOT,2016-03-04T14:46:00
United States,Exports,1965-04-30T00:00:00,3222,Monthly,TBEXTOT,2016-03-04T14:46:00
United States,Exports,1965-05-31T00:00:00,3115,Monthly,TBEXTOT,2016-03-04T14:46:00
United States,Exports,1965-06-30T00:00:00,3051,Monthly,TBEXTOT,2016-03-04T14:46:00
United States,Exports,1965-07-31T00:00:00,3007,Monthly,TBEXTOT,2016-03-04T14:46:00
United States,Exports,1965-08-31T00:00:00,3036,Monthly,TBEXTOT,2016-03-04T14:46:00
United States,Exports,1965-09-30T00:00:00,2998,Monthly,TBEXTOT,2016-03-04T14:46:00
United States,Exports,1965-10-31T00:00:00,3086,Monthly,TBEXTOT,2016-03-04T14:46:00
United States,Exports,1965-11-30T00:00:00,3115,Monthly,TBEXTOT,2016-03-04T14:46:00
United States,Exports,1965-12-31T00:00:00,3099,Monthly,TBEXTOT,2016-03-04T14:46:00
United States,Exports,1966-01-31T00:00:00,3006,Monthly,TBEXTOT,2016-03-04T14:46:00
United States,Exports,1966-02-28T00:00:00,3061,Monthly,TBEXTOT,2016-03-04T14:46:00
United States,Exports,1966-03-31T00:00:00,3238,Monthly,TBEXTOT,2016-03-04T14:46:00
United States,Exports,1966-04-30T00:00:00,3218,Monthly,TBEXTOT,2016-03-04T14:46:00
United States,Exports,1966-05-31T00:00:00,3318,Monthly,TBEXTOT,2016-03-04T14:46:00
United States,Exports,1966-06-30T00:00:00,3386,Monthly,TBEXTOT,2016-03-04T14:46:00
United States,Exports,1966-07-31T00:00:00,3236,Monthly,TBEXTOT,2016-03-04T14:46:00
United States,Exports,1966-08-31T00:00:00,3227,Monthly,TBEXTOT,2016-03-04T14:46:00
United States,Exports,1966-09-30T00:00:00,3269,Monthly,TBEXTOT,2016-03-04T14:46:00
United States,Exports,1966-10-31T00:00:00,3445,Monthly,TBEXTOT,2016-03-04T14:46:00
United States,Exports,1966-11-30T00:00:00,3320,Monthly,TBEXTOT,2016-03-04T14:46:00
United States,Exports,1966-12-31T00:00:00,3296,Monthly,TBEXTOT,2016-03-04T14:46:00
United States,Exports,1967-01-31T00:00:00,3549,Monthly,TBEXTOT,2016-03-04T14:46:00
United States,Exports,1967-02-28T00:00:00,3492,Monthly,TBEXTOT,2016-03-04T14:46:00
United States,Exports,1967-03-31T00:00:00,3434,Monthly,TBEXTOT,2016-03-04T14:46:00
United States,Exports,1967-04-30T00:00:00,3497,Monthly,TBEXTOT,2016-03-04T14:46:00
United States,Exports,1967-05-31T00:00:00,3438,Monthly,TBEXTOT,2016-03-04T14:46:00
United States,Exports,1967-06-30T00:00:00,3471,Monthly,TBEXTOT,2016-03-04T14:46:00
United States,Exports,1967-07-31T00:00:00,3448,Monthly,TBEXTOT,2016-03-04T14:46:00
United States,Exports,1967-08-31T00:00:00,3413,Monthly,TBEXTOT,2016-03-04T14:46:00
United States,Exports,1967-09-30T00:00:00,3444,Monthly,TBEXTOT,2016-03-04T14:46:00
United States,Exports,1967-10-31T00:00:00,3325,Monthly,TBEXTOT,2016-03-04T14:46:00
United States,Exports,1967-11-30T00:00:00,3581,Monthly,TBEXTOT,2016-03-04T14:46:00
United States,Exports,1967-12-31T00:00:00,3587,Monthly,TBEXTOT,2016-03-04T14:46:00
United States,Exports,1968-01-31T00:00:00,3753,Monthly,TBEXTOT,2016-03-04T14:46:00
United States,Exports,1968-02-29T00:00:00,3714,Monthly,TBEXTOT,2016-03-04T14:46:00
United States,Exports,1968-03-31T00:00:00,3378,Monthly,TBEXTOT,2016-03-04T14:46:00
United States,Exports,1968-04-30T00:00:00,3834,Monthly,TBEXTOT,2016-03-04T14:46:00
United States,Exports,1968-05-31T00:00:00,3719,Monthly,TBEXTOT,2016-03-04T14:46:00
United States,Exports,1968-06-30T00:00:00,3849,Monthly,TBEXTOT,2016-03-04T14:46:00
United States,Exports,1968-07-31T00:00:00,3871,Monthly,TBEXTOT,2016-03-04T14:46:00
United States,Exports,1968-08-31T00:00:00,3963,Monthly,TBEXTOT,2016-03-04T14:46:00
United States,Exports,1968-09-30T00:00:00,4224,Monthly,TBEXTOT,2016-03-04T14:46:00
United States,Exports,1968-10-31T00:00:00,3674,Monthly,TBEXTOT,2016-03-04T14:46:00
United States,Exports,1968-11-30T00:00:00,4015,Monthly,TBEXTOT,2016-03-04T14:46:00
United States,Exports,1968-12-31T00:00:00,4020,Monthly,TBEXTOT,2016-03-04T14:46:00
United States,Exports,1969-01-31T00:00:00,3122,Monthly,TBEXTOT,2016-03-04T14:46:00
United States,Exports,1969-02-28T00:00:00,3227,Monthly,TBEXTOT,2016-03-04T14:46:00
United States,Exports,1969-03-31T00:00:00,4149,Monthly,TBEXTOT,2016-03-04T14:46:00
United States,Exports,1969-04-30T00:00:00,4412,Monthly,TBEXTOT,2016-03-04T14:46:00
United States,Exports,1969-05-31T00:00:00,4362,Monthly,TBEXTOT,2016-03-04T14:46:00
United States,Exports,1969-06-30T00:00:00,4273,Monthly,TBEXTOT,2016-03-04T14:46:00
United States,Exports,1969-07-31T00:00:00,4264,Monthly,TBEXTOT,2016-03-04T14:46:00
United States,Exports,1969-08-31T00:00:00,4448,Monthly,TBEXTOT,2016-03-04T14:46:00
United States,Exports,1969-09-30T00:00:00,4423,Monthly,TBEXTOT,2016-03-04T14:46:00
United States,Exports,1969-10-31T00:00:00,4473,Monthly,TBEXTOT,2016-03-04T14:46:00
United States,Exports,1969-11-30T00:00:00,4529,Monthly,TBEXTOT,2016-03-04T14:46:00
United States,Exports,1969-12-31T00:00:00,4411,Monthly,TBEXTOT,2016-03-04T14:46:00
United States,Exports,1970-01-31T00:00:00,4484,Monthly,TBEXTOT,2016-03-04T14:46:00
United States,Exports,1970-02-28T00:00:00,4624,Monthly,TBEXTOT,2016-03-04T14:46:00
United States,Exports,1970-03-31T00:00:00,4453,Monthly,TBEXTOT,2016-03-04T14:46:00
United States,Exports,1970-04-30T00:00:00,4625,Monthly,TBEXTOT,2016-03-04T14:46:00
United States,Exports,1970-05-31T00:00:00,4876,Monthly,TBEXTOT,2016-03-04T14:46:00
United States,Exports,1970-06-30T00:00:00,4942,Monthly,TBEXTOT,2016-03-04T14:46:00
United States,Exports,1970-07-31T00:00:00,4912,Monthly,TBEXTOT,2016-03-04T14:46:00
United States,Exports,1970-08-31T00:00:00,4799,Monthly,TBEXTOT,2016-03-04T14:46:00
United States,Exports,1970-09-30T00:00:00,4761,Monthly,TBEXTOT,2016-03-04T14:46:00
United States,Exports,1970-10-31T00:00:00,4910,Monthly,TBEXTOT,2016-03-04T14:46:00
United States,Exports,1970-11-30T00:00:00,4721,Monthly,TBEXTOT,2016-03-04T14:46:00
United States,Exports,1970-12-31T00:00:00,4791,Monthly,TBEXTOT,2016-03-04T14:46:00
United States,Exports,1971-01-31T00:00:00,4950,Monthly,TBEXTOT,2016-03-04T14:46:00
United States,Exports,1971-02-28T00:00:00,5043,Monthly,TBEXTOT,2016-03-04T14:46:00
United States,Exports,1971-03-31T00:00:00,5139,Monthly,TBEXTOT,2016-03-04T14:46:00
United States,Exports,1971-04-30T00:00:00,4993,Monthly,TBEXTOT,2016-03-04T14:46:00
United States,Exports,1971-05-31T00:00:00,5108,Monthly,TBEXTOT,2016-03-04T14:46:00
United States,Exports,1971-06-30T00:00:00,5034,Monthly,TBEXTOT,2016-03-04T14:46:00
United States,Exports,1971-07-31T00:00:00,4897,Monthly,TBEXTOT,2016-03-04T14:46:00
United States,Exports,1971-08-31T00:00:00,4990,Monthly,TBEXTOT,2016-03-04T14:46:00
United States,Exports,1971-09-30T00:00:00,5811,Monthly,TBEXTOT,2016-03-04T14:46:00
United States,Exports,1971-10-31T00:00:00,4086,Monthly,TBEXTOT,2016-03-04T14:46:00
United States,Exports,1971-11-30T00:00:00,4613,Monthly,TBEXTOT,2016-03-04T14:46:00
United States,Exports,1971-12-31T00:00:00,5298,Monthly,TBEXTOT,2016-03-04T14:46:00
United States,Exports,1972-01-31T00:00:00,5565,Monthly,TBEXTOT,2016-03-04T14:46:00
United States,Exports,1972-02-29T00:00:00,5315,Monthly,TBEXTOT,2016-03-04T14:46:00
United States,Exports,1972-03-31T00:00:00,5359,Monthly,TBEXTOT,2016-03-04T14:46:00
United States,Exports,1972-04-30T00:00:00,5231,Monthly,TBEXTOT,2016-03-04T14:46:00
United States,Exports,1972-05-31T00:00:00,5293,Monthly,TBEXTOT,2016-03-04T14:46:00
United States,Exports,1972-06-30T00:00:00,5382,Monthly,TBEXTOT,2016-03-04T14:46:00
United States,Exports,1972-07-31T00:00:00,5618,Monthly,TBEXTOT,2016-03-04T14:46:00
United States,Exports,1972-08-31T00:00:00,5740,Monthly,TBEXTOT,2016-03-04T14:46:00
United States,Exports,1972-09-30T00:00:00,5720,Monthly,TBEXTOT,2016-03-04T14:46:00
United States,Exports,1972-10-31T00:00:00,5817,Monthly,TBEXTOT,2016-03-04T14:46:00
United States,Exports,1972-11-30T00:00:00,5974,Monthly,TBEXTOT,2016-03-04T14:46:00
United States,Exports,1972-12-31T00:00:00,6059,Monthly,TBEXTOT,2016-03-04T14:46:00
United States,Exports,1973-01-31T00:00:00,6481,Monthly,TBEXTOT,2016-03-04T14:46:00
United States,Exports,1973-02-28T00:00:00,6596,Monthly,TBEXTOT,2016-03-04T14:46:00
United States,Exports,1973-03-31T00:00:00,6837,Monthly,TBEXTOT,2016-03-04T14:46:00
United States,Exports,1973-04-30T00:00:00,7103,Monthly,TBEXTOT,2016-03-04T14:46:00
United States,Exports,1973-05-31T00:00:00,7170,Monthly,TBEXTOT,2016-03-04T14:46:00
United States,Exports,1973-06-30T00:00:00,7337,Monthly,TBEXTOT,2016-03-04T14:46:00
United States,Exports,1973-07-31T00:00:00,7580,Monthly,TBEXTOT,2016-03-04T14:46:00
United States,Exports,1973-08-31T00:00:00,7757,Monthly,TBEXTOT,2016-03-04T14:46:00
United States,Exports,1973-09-30T00:00:00,8135,Monthly,TBEXTOT,2016-03-04T14:46:00
United States,Exports,1973-10-31T00:00:00,8345,Monthly,TBEXTOT,2016-03-04T14:46:00
United States,Exports,1973-11-30T00:00:00,8639,Monthly,TBEXTOT,2016-03-04T14:46:00
United States,Exports,1973-12-31T00:00:00,8709,Monthly,TBEXTOT,2016-03-04T14:46:00
United States,Exports,1974-01-31T00:00:00,8901,Monthly,TBEXTOT,2016-03-04T14:46:00
United States,Exports,1974-02-28T00:00:00,9279,Monthly,TBEXTOT,2016-03-04T14:46:00
United States,Exports,1974-03-31T00:00:00,9360,Monthly,TBEXTOT,2016-03-04T14:46:00
United States,Exports,1974-04-30T00:00:00,10013,Monthly,TBEXTOT,2016-03-04T14:46:00
United States,Exports,1974-05-31T00:00:00,9551,Monthly,TBEXTOT,2016-03-04T14:46:00
United States,Exports,1974-06-30T00:00:00,10223,Monthly,TBEXTOT,2016-03-04T14:46:00
United States,Exports,1974-07-31T00:00:00,10208,Monthly,TBEXTOT,2016-03-04T14:46:00
United States,Exports,1974-08-31T00:00:00,10324,Monthly,TBEXTOT,2016-03-04T14:46:00
United States,Exports,1974-09-30T00:00:00,10304,Monthly,TBEXTOT,2016-03-04T14:46:00
United States,Exports,1974-10-31T00:00:00,10707,Monthly,TBEXTOT,2016-03-04T14:46:00
United States,Exports,1974-11-30T00:00:00,10998,Monthly,TBEXTOT,2016-03-04T14:46:00
United States,Exports,1974-12-31T00:00:00,10885,Monthly,TBEXTOT,2016-03-04T14:46:00
United States,Exports,1975-01-31T00:00:00,11649,Monthly,TBEXTOT,2016-03-04T14:46:00
United States,Exports,1975-02-28T00:00:00,10963,Monthly,TBEXTOT,2016-03-04T14:46:00
United States,Exports,1975-03-31T00:00:00,10871,Monthly,TBEXTOT,2016-03-04T14:46:00
United States,Exports,1975-04-30T00:00:00,10987,Monthly,TBEXTOT,2016-03-04T14:46:00
United States,Exports,1975-05-31T00:00:00,10519,Monthly,TBEXTOT,2016-03-04T14:46:00
United States,Exports,1975-06-30T00:00:00,11027,Monthly,TBEXTOT,2016-03-04T14:46:00
United States,Exports,1975-07-31T00:00:00,10852,Monthly,TBEXTOT,2016-03-04T14:46:00
United States,Exports,1975-08-31T00:00:00,11005,Monthly,TBEXTOT,2016-03-04T14:46:00
United States,Exports,1975-09-30T00:00:00,11080,Monthly,TBEXTOT,2016-03-04T14:46:00
United States,Exports,1975-10-31T00:00:00,11363,Monthly,TBEXTOT,2016-03-04T14:46:00
United States,Exports,1975-11-30T00:00:00,11543,Monthly,TBEXTOT,2016-03-04T14:46:00
United States,Exports,1975-12-31T00:00:00,11397,Monthly,TBEXTOT,2016-03-04T14:46:00
United States,Exports,1976-01-31T00:00:00,11298,Monthly,TBEXTOT,2016-03-04T14:46:00
United States,Exports,1976-02-29T00:00:00,11120,Monthly,TBEXTOT,2016-03-04T14:46:00
United States,Exports,1976-03-31T00:00:00,11221,Monthly,TBEXTOT,2016-03-04T14:46:00
United States,Exports,1976-04-30T00:00:00,11600,Monthly,TBEXTOT,2016-03-04T14:46:00
United States,Exports,1976-05-31T00:00:00,11795,Monthly,TBEXTOT,2016-03-04T14:46:00
United States,Exports,1976-06-30T00:00:00,11958,Monthly,TBEXTOT,2016-03-04T14:46:00
United States,Exports,1976-07-31T00:00:00,12431,Monthly,TBEXTOT,2016-03-04T14:46:00
United States,Exports,1976-08-31T00:00:00,12268,Monthly,TBEXTOT,2016-03-04T14:46:00
United States,Exports,1976-09-30T00:00:00,12283,Monthly,TBEXTOT,2016-03-04T14:46:00
United States,Exports,1976-10-31T00:00:00,12260,Monthly,TBEXTOT,2016-03-04T14:46:00
United States,Exports,1976-11-30T00:00:00,12090,Monthly,TBEXTOT,2016-03-04T14:46:00
United States,Exports,1976-12-31T00:00:00,12938,Monthly,TBEXTOT,2016-03-04T14:46:00
United States,Exports,1977-01-31T00:00:00,12175,Monthly,TBEXTOT,2016-03-04T14:46:00
United States,Exports,1977-02-28T00:00:00,12398,Monthly,TBEXTOT,2016-03-04T14:46:00
United States,Exports,1977-03-31T00:00:00,12665,Monthly,TBEXTOT,2016-03-04T14:46:00
United States,Exports,1977-04-30T00:00:00,12589,Monthly,TBEXTOT,2016-03-04T14:46:00
United States,Exports,1977-05-31T00:00:00,13165,Monthly,TBEXTOT,2016-03-04T14:46:00
United States,Exports,1977-06-30T00:00:00,12730,Monthly,TBEXTOT,2016-03-04T14:46:00
United States,Exports,1977-07-31T00:00:00,13044,Monthly,TBEXTOT,2016-03-04T14:46:00
United States,Exports,1977-08-31T00:00:00,12362,Monthly,TBEXTOT,2016-03-04T14:46:00
United States,Exports,1977-09-30T00:00:00,13708,Monthly,TBEXTOT,2016-03-04T14:46:00
United States,Exports,1977-10-31T00:00:00,12063,Monthly,TBEXTOT,2016-03-04T14:46:00
United States,Exports,1977-11-30T00:00:00,12185,Monthly,TBEXTOT,2016-03-04T14:46:00
United States,Exports,1977-12-31T00:00:00,13700,Monthly,TBEXTOT,2016-03-04T14:46:00
United States,Exports,1978-01-31T00:00:00,12769,Monthly,TBEXTOT,2016-03-04T14:46:00
United States,Exports,1978-02-28T00:00:00,12847,Monthly,TBEXTOT,2016-03-04T14:46:00
United States,Exports,1978-03-31T00:00:00,14051,Monthly,TBEXTOT,2016-03-04T14:46:00
United States,Exports,1978-04-30T00:00:00,14556,Monthly,TBEXTOT,2016-03-04T14:46:00
United States,Exports,1978-05-31T00:00:00,14711,Monthly,TBEXTOT,2016-03-04T14:46:00
United States,Exports,1978-06-30T00:00:00,15192,Monthly,TBEXTOT,2016-03-04T14:46:00
United States,Exports,1978-07-31T00:00:00,14737,Monthly,TBEXTOT,2016-03-04T14:46:00
United States,Exports,1978-08-31T00:00:00,15359,Monthly,TBEXTOT,2016-03-04T14:46:00
United States,Exports,1978-09-30T00:00:00,16356,Monthly,TBEXTOT,2016-03-04T14:46:00
United States,Exports,1978-10-31T00:00:00,16130,Monthly,TBEXTOT,2016-03-04T14:46:00
United States,Exports,1978-11-30T00:00:00,16684,Monthly,TBEXTOT,2016-03-04T14:46:00
United States,Exports,1978-12-31T00:00:00,16523,Monthly,TBEXTOT,2016-03-04T14:46:00
United States,Exports,1979-01-31T00:00:00,16502,Monthly,TBEXTOT,2016-03-04T14:46:00
United States,Exports,1979-02-28T00:00:00,16848,Monthly,TBEXTOT,2016-03-04T14:46:00
United States,Exports,1979-03-31T00:00:00,17538,Monthly,TBEXTOT,2016-03-04T14:46:00
United States,Exports,1979-04-30T00:00:00,17226,Monthly,TBEXTOT,2016-03-04T14:46:00
United States,Exports,1979-05-31T00:00:00,17344,Monthly,TBEXTOT,2016-03-04T14:46:00
United States,Exports,1979-06-30T00:00:00,18066,Monthly,TBEXTOT,2016-03-04T14:46:00
United States,Exports,1979-07-31T00:00:00,19018,Monthly,TBEXTOT,2016-03-04T14:46:00
United States,Exports,1979-08-31T00:00:00,19066,Monthly,TBEXTOT,2016-03-04T14:46:00
United States,Exports,1979-09-30T00:00:00,19155,Monthly,TBEXTOT,2016-03-04T14:46:00
United States,Exports,1979-10-31T00:00:00,20159,Monthly,TBEXTOT,2016-03-04T14:46:00
United States,Exports,1979-11-30T00:00:00,20397,Monthly,TBEXTOT,2016-03-04T14:46:00
United States,Exports,1979-12-31T00:00:00,20212,Monthly,TBEXTOT,2016-03-04T14:46:00
United States,Exports,1980-01-31T00:00:00,21085,Monthly,TBEXTOT,2016-03-04T14:46:00
United States,Exports,1980-02-29T00:00:00,20650,Monthly,TBEXTOT,2016-03-04T14:46:00
United States,Exports,1980-03-31T00:00:00,21931,Monthly,TBEXTOT,2016-03-04T14:46:00
United States,Exports,1980-04-30T00:00:00,22397,Monthly,TBEXTOT,2016-03-04T14:46:00
United States,Exports,1980-05-31T00:00:00,21477,Monthly,TBEXTOT,2016-03-04T14:46:00
United States,Exports,1980-06-30T00:00:00,22270,Monthly,TBEXTOT,2016-03-04T14:46:00
United States,Exports,1980-07-31T00:00:00,22448,Monthly,TBEXTOT,2016-03-04T14:46:00
United States,Exports,1980-08-31T00:00:00,23267,Monthly,TBEXTOT,2016-03-04T14:46:00
United States,Exports,1980-09-30T00:00:00,23009,Monthly,TBEXTOT,2016-03-04T14:46:00
United States,Exports,1980-10-31T00:00:00,23402,Monthly,TBEXTOT,2016-03-04T14:46:00
United States,Exports,1980-11-30T00:00:00,22900,Monthly,TBEXTOT,2016-03-04T14:46:00
United States,Exports,1980-12-31T00:00:00,23436,Monthly,TBEXTOT,2016-03-04T14:46:00
United States,Exports,1981-01-31T00:00:00,23463,Monthly,TBEXTOT,2016-03-04T14:46:00
United States,Exports,1981-02-28T00:00:00,24349,Monthly,TBEXTOT,2016-03-04T14:46:00
United States,Exports,1981-03-31T00:00:00,25839,Monthly,TBEXTOT,2016-03-04T14:46:00
United States,Exports,1981-04-30T00:00:00,24583,Monthly,TBEXTOT,2016-03-04T14:46:00
United States,Exports,1981-05-31T00:00:00,23696,Monthly,TBEXTOT,2016-03-04T14:46:00
United States,Exports,1981-06-30T00:00:00,24547,Monthly,TBEXTOT,2016-03-04T14:46:00
United States,Exports,1981-07-31T00:00:00,24234,Monthly,TBEXTOT,2016-03-04T14:46:00
United States,Exports,1981-08-31T00:00:00,23976,Monthly,TBEXTOT,2016-03-04T14:46:00
United States,Exports,1981-09-30T00:00:00,24496,Monthly,TBEXTOT,2016-03-04T14:46:00
United States,Exports,1981-10-31T00:00:00,23978,Monthly,TBEXTOT,2016-03-04T14:46:00
United States,Exports,1981-11-30T00:00:00,23968,Monthly,TBEXTOT,2016-03-04T14:46:00
United States,Exports,1981-12-31T00:00:00,23700,Monthly,TBEXTOT,2016-03-04T14:46:00
United States,Exports,1982-01-31T00:00:00,23928,Monthly,TBEXTOT,2016-03-04T14:46:00
United States,Exports,1982-02-28T00:00:00,23958,Monthly,TBEXTOT,2016-03-04T14:46:00
United States,Exports,1982-03-31T00:00:00,23806,Monthly,TBEXTOT,2016-03-04T14:46:00
United States,Exports,1982-04-30T00:00:00,23401,Monthly,TBEXTOT,2016-03-04T14:46:00
United States,Exports,1982-05-31T00:00:00,23520,Monthly,TBEXTOT,2016-03-04T14:46:00
United States,Exports,1982-06-30T00:00:00,24219,Monthly,TBEXTOT,2016-03-04T14:46:00
United States,Exports,1982-07-31T00:00:00,23394,Monthly,TBEXTOT,2016-03-04T14:46:00
United States,Exports,1982-08-31T00:00:00,22797,Monthly,TBEXTOT,2016-03-04T14:46:00
United States,Exports,1982-09-30T00:00:00,22654,Monthly,TBEXTOT,2016-03-04T14:46:00
United States,Exports,1982-10-31T00:00:00,21957,Monthly,TBEXTOT,2016-03-04T14:46:00
United States,Exports,1982-11-30T00:00:00,21138,Monthly,TBEXTOT,2016-03-04T14:46:00
United States,Exports,1982-12-31T00:00:00,21633,Monthly,TBEXTOT,2016-03-04T14:46:00
United States,Exports,1983-01-31T00:00:00,22641,Monthly,TBEXTOT,2016-03-04T14:46:00
United States,Exports,1983-02-28T00:00:00,21721,Monthly,TBEXTOT,2016-03-04T14:46:00
United States,Exports,1983-03-31T00:00:00,22099,Monthly,TBEXTOT,2016-03-04T14:46:00
United States,Exports,1983-04-30T00:00:00,21451,Monthly,TBEXTOT,2016-03-04T14:46:00
United States,Exports,1983-05-31T00:00:00,21011,Monthly,TBEXTOT,2016-03-04T14:46:00
United States,Exports,1983-06-30T00:00:00,22315,Monthly,TBEXTOT,2016-03-04T14:46:00
United States,Exports,1983-07-31T00:00:00,21910,Monthly,TBEXTOT,2016-03-04T14:46:00
United States,Exports,1983-08-31T00:00:00,22006,Monthly,TBEXTOT,2016-03-04T14:46:00
United States,Exports,1983-09-30T00:00:00,22681,Monthly,TBEXTOT,2016-03-04T14:46:00
United States,Exports,1983-10-31T00:00:00,22248,Monthly,TBEXTOT,2016-03-04T14:46:00
United States,Exports,1983-11-30T00:00:00,22278,Monthly,TBEXTOT,2016-03-04T14:46:00
United States,Exports,1983-12-31T00:00:00,22513,Monthly,TBEXTOT,2016-03-04T14:46:00
United States,Exports,1984-01-31T00:00:00,23659,Monthly,TBEXTOT,2016-03-04T14:46:00
United States,Exports,1984-02-29T00:00:00,22978,Monthly,TBEXTOT,2016-03-04T14:46:00
United States,Exports,1984-03-31T00:00:00,23676,Monthly,TBEXTOT,2016-03-04T14:46:00
United States,Exports,1984-04-30T00:00:00,23519,Monthly,TBEXTOT,2016-03-04T14:46:00
United States,Exports,1984-05-31T00:00:00,23977,Monthly,TBEXTOT,2016-03-04T14:46:00
United States,Exports,1984-06-30T00:00:00,23704,Monthly,TBEXTOT,2016-03-04T14:46:00
United States,Exports,1984-07-31T00:00:00,25111,Monthly,TBEXTOT,2016-03-04T14:46:00
United States,Exports,1984-08-31T00:00:00,24080,Monthly,TBEXTOT,2016-03-04T14:46:00
United States,Exports,1984-09-30T00:00:00,24167,Monthly,TBEXTOT,2016-03-04T14:46:00
United States,Exports,1984-10-31T00:00:00,24339,Monthly,TBEXTOT,2016-03-04T14:46:00
United States,Exports,1984-11-30T00:00:00,24323,Monthly,TBEXTOT,2016-03-04T14:46:00
United States,Exports,1984-12-31T00:00:00,25070,Monthly,TBEXTOT,2016-03-04T14:46:00
United States,Exports,1985-01-31T00:00:00,25456,Monthly,TBEXTOT,2016-03-04T14:46:00
United States,Exports,1985-02-28T00:00:00,23908,Monthly,TBEXTOT,2016-03-04T14:46:00
United States,Exports,1985-03-31T00:00:00,24501,Monthly,TBEXTOT,2016-03-04T14:46:00
United States,Exports,1985-04-30T00:00:00,23829,Monthly,TBEXTOT,2016-03-04T14:46:00
United States,Exports,1985-05-31T00:00:00,23464,Monthly,TBEXTOT,2016-03-04T14:46:00
United States,Exports,1985-06-30T00:00:00,23488,Monthly,TBEXTOT,2016-03-04T14:46:00
United States,Exports,1985-07-31T00:00:00,23371,Monthly,TBEXTOT,2016-03-04T14:46:00
United States,Exports,1985-08-31T00:00:00,23382,Monthly,TBEXTOT,2016-03-04T14:46:00
United States,Exports,1985-09-30T00:00:00,23691,Monthly,TBEXTOT,2016-03-04T14:46:00
United States,Exports,1985-10-31T00:00:00,23601,Monthly,TBEXTOT,2016-03-04T14:46:00
United States,Exports,1985-11-30T00:00:00,24209,Monthly,TBEXTOT,2016-03-04T14:46:00
United States,Exports,1985-12-31T00:00:00,23257,Monthly,TBEXTOT,2016-03-04T14:46:00
United States,Exports,1986-01-31T00:00:00,25518,Monthly,TBEXTOT,2016-03-04T14:46:00
United States,Exports,1986-02-28T00:00:00,25481,Monthly,TBEXTOT,2016-03-04T14:46:00
United States,Exports,1986-03-31T00:00:00,24960,Monthly,TBEXTOT,2016-03-04T14:46:00
United States,Exports,1986-04-30T00:00:00,25686,Monthly,TBEXTOT,2016-03-04T14:46:00
United States,Exports,1986-05-31T00:00:00,25947,Monthly,TBEXTOT,2016-03-04T14:46:00
United States,Exports,1986-06-30T00:00:00,26962,Monthly,TBEXTOT,2016-03-04T14:46:00
United States,Exports,1986-07-31T00:00:00,27005,Monthly,TBEXTOT,2016-03-04T14:46:00
United States,Exports,1986-08-31T00:00:00,25244,Monthly,TBEXTOT,2016-03-04T14:46:00
United States,Exports,1986-09-30T00:00:00,25556,Monthly,TBEXTOT,2016-03-04T14:46:00
United States,Exports,1986-10-31T00:00:00,27281,Monthly,TBEXTOT,2016-03-04T14:46:00
United States,Exports,1986-11-30T00:00:00,26848,Monthly,TBEXTOT,2016-03-04T14:46:00
United States,Exports,1986-12-31T00:00:00,26808,Monthly,TBEXTOT,2016-03-04T14:46:00
United States,Exports,1987-01-31T00:00:00,26355,Monthly,TBEXTOT,2016-03-04T14:46:00
United States,Exports,1987-02-28T00:00:00,27349,Monthly,TBEXTOT,2016-03-04T14:46:00
United States,Exports,1987-03-31T00:00:00,27959,Monthly,TBEXTOT,2016-03-04T14:46:00
United States,Exports,1987-04-30T00:00:00,28429,Monthly,TBEXTOT,2016-03-04T14:46:00
United States,Exports,1987-05-31T00:00:00,28290,Monthly,TBEXTOT,2016-03-04T14:46:00
United States,Exports,1987-06-30T00:00:00,29560,Monthly,TBEXTOT,2016-03-04T14:46:00
United States,Exports,1987-07-31T00:00:00,30727,Monthly,TBEXTOT,2016-03-04T14:46:00
United States,Exports,1987-08-31T00:00:00,29100,Monthly,TBEXTOT,2016-03-04T14:46:00
United States,Exports,1987-09-30T00:00:00,29924,Monthly,TBEXTOT,2016-03-04T14:46:00
United States,Exports,1987-10-31T00:00:00,30509,Monthly,TBEXTOT,2016-03-04T14:46:00
United States,Exports,1987-11-30T00:00:00,31700,Monthly,TBEXTOT,2016-03-04T14:46:00
United States,Exports,1987-12-31T00:00:00,32560,Monthly,TBEXTOT,2016-03-04T14:46:00
United States,Exports,1988-01-31T00:00:00,32475,Monthly,TBEXTOT,2016-03-04T14:46:00
United States,Exports,1988-02-29T00:00:00,33333,Monthly,TBEXTOT,2016-03-04T14:46:00
United States,Exports,1988-03-31T00:00:00,36210,Monthly,TBEXTOT,2016-03-04T14:46:00
United States,Exports,1988-04-30T00:00:00,35382,Monthly,TBEXTOT,2016-03-04T14:46:00
United States,Exports,1988-05-31T00:00:00,36724,Monthly,TBEXTOT,2016-03-04T14:46:00
United States,Exports,1988-06-30T00:00:00,35773,Monthly,TBEXTOT,2016-03-04T14:46:00
United States,Exports,1988-07-31T00:00:00,35605,Monthly,TBEXTOT,2016-03-04T14:46:00
United States,Exports,1988-08-31T00:00:00,36788,Monthly,TBEXTOT,2016-03-04T14:46:00
United States,Exports,1988-09-30T00:00:00,36898,Monthly,TBEXTOT,2016-03-04T14:46:00
United States,Exports,1988-10-31T00:00:00,37571,Monthly,TBEXTOT,2016-03-04T14:46:00
United States,Exports,1988-11-30T00:00:00,37087,Monthly,TBEXTOT,2016-03-04T14:46:00
United States,Exports,1988-12-31T00:00:00,38563,Monthly,TBEXTOT,2016-03-04T14:46:00
United States,Exports,1989-01-31T00:00:00,38559,Monthly,TBEXTOT,2016-03-04T14:46:00
United States,Exports,1989-02-28T00:00:00,38672,Monthly,TBEXTOT,2016-03-04T14:46:00
United States,Exports,1989-03-31T00:00:00,40837,Monthly,TBEXTOT,2016-03-04T14:46:00
United States,Exports,1989-04-30T00:00:00,40911,Monthly,TBEXTOT,2016-03-04T14:46:00
United States,Exports,1989-05-31T00:00:00,41031,Monthly,TBEXTOT,2016-03-04T14:46:00
United States,Exports,1989-06-30T00:00:00,41637,Monthly,TBEXTOT,2016-03-04T14:46:00
United States,Exports,1989-07-31T00:00:00,40690,Monthly,TBEXTOT,2016-03-04T14:46:00
United States,Exports,1989-08-31T00:00:00,40924,Monthly,TBEXTOT,2016-03-04T14:46:00
United States,Exports,1989-09-30T00:00:00,41172,Monthly,TBEXTOT,2016-03-04T14:46:00
United States,Exports,1989-10-31T00:00:00,42162,Monthly,TBEXTOT,2016-03-04T14:46:00
United States,Exports,1989-11-30T00:00:00,41530,Monthly,TBEXTOT,2016-03-04T14:46:00
United States,Exports,1989-12-31T00:00:00,42525,Monthly,TBEXTOT,2016-03-04T14:46:00
United States,Exports,1990-01-31T00:00:00,43315,Monthly,TBEXTOT,2016-03-04T14:46:00
United States,Exports,1990-02-28T00:00:00,43412,Monthly,TBEXTOT,2016-03-04T14:46:00
United States,Exports,1990-03-31T00:00:00,44889,Monthly,TBEXTOT,2016-03-04T14:46:00
United States,Exports,1990-04-30T00:00:00,44092,Monthly,TBEXTOT,2016-03-04T14:46:00
United States,Exports,1990-05-31T00:00:00,44559,Monthly,TBEXTOT,2016-03-04T14:46:00
United States,Exports,1990-06-30T00:00:00,45741,Monthly,TBEXTOT,2016-03-04T14:46:00
United States,Exports,1990-07-31T00:00:00,44811,Monthly,TBEXTOT,2016-03-04T14:46:00
United States,Exports,1990-08-31T00:00:00,45065,Monthly,TBEXTOT,2016-03-04T14:46:00
United States,Exports,1990-09-30T00:00:00,44819,Monthly,TBEXTOT,2016-03-04T14:46:00
United States,Exports,1990-10-31T00:00:00,47666,Monthly,TBEXTOT,2016-03-04T14:46:00
United States,Exports,1990-11-30T00:00:00,46755,Monthly,TBEXTOT,2016-03-04T14:46:00
United States,Exports,1990-12-31T00:00:00,46974,Monthly,TBEXTOT,2016-03-04T14:46:00
United States,Exports,1991-01-31T00:00:00,46963,Monthly,TBEXTOT,2016-03-04T14:46:00
United States,Exports,1991-02-28T00:00:00,46310,Monthly,TBEXTOT,2016-03-04T14:46:00
United States,Exports,1991-03-31T00:00:00,47084,Monthly,TBEXTOT,2016-03-04T14:46:00
United States,Exports,1991-04-30T00:00:00,48887,Monthly,TBEXTOT,2016-03-04T14:46:00
United States,Exports,1991-05-31T00:00:00,48694,Monthly,TBEXTOT,2016-03-04T14:46:00
United States,Exports,1991-06-30T00:00:00,48511,Monthly,TBEXTOT,2016-03-04T14:46:00
United States,Exports,1991-07-31T00:00:00,48818,Monthly,TBEXTOT,2016-03-04T14:46:00
United States,Exports,1991-08-31T00:00:00,48805,Monthly,TBEXTOT,2016-03-04T14:46:00
United States,Exports,1991-09-30T00:00:00,49106,Monthly,TBEXTOT,2016-03-04T14:46:00
United States,Exports,1991-10-31T00:00:00,51193,Monthly,TBEXTOT,2016-03-04T14:46:00
United States,Exports,1991-11-30T00:00:00,51624,Monthly,TBEXTOT,2016-03-04T14:46:00
United States,Exports,1991-12-31T00:00:00,50158,Monthly,TBEXTOT,2016-03-04T14:46:00
United States,Exports,1992-01-31T00:00:00,50251,Monthly,TBEXTOT,2016-03-04T14:46:00
United States,Exports,1992-02-29T00:00:00,51682,Monthly,TBEXTOT,2016-03-04T14:46:00
United States,Exports,1992-03-31T00:00:00,50294,Monthly,TBEXTOT,2016-03-04T14:46:00
United States,Exports,1992-04-30T00:00:00,50302,Monthly,TBEXTOT,2016-03-04T14:46:00
United States,Exports,1992-05-31T00:00:00,50044,Monthly,TBEXTOT,2016-03-04T14:46:00
United States,Exports,1992-06-30T00:00:00,51727,Monthly,TBEXTOT,2016-03-04T14:46:00
United States,Exports,1992-07-31T00:00:00,52533,Monthly,TBEXTOT,2016-03-04T14:46:00
United States,Exports,1992-08-31T00:00:00,50940,Monthly,TBEXTOT,2016-03-04T14:46:00
United States,Exports,1992-09-30T00:00:00,51984,Monthly,TBEXTOT,2016-03-04T14:46:00
United States,Exports,1992-10-31T00:00:00,53035,Monthly,TBEXTOT,2016-03-04T14:46:00
United States,Exports,1992-11-30T00:00:00,52246,Monthly,TBEXTOT,2016-03-04T14:46:00
United States,Exports,1992-12-31T00:00:00,51843,Monthly,TBEXTOT,2016-03-04T14:46:00
United States,Exports,1993-01-31T00:00:00,52568,Monthly,TBEXTOT,2016-03-04T14:46:00
United States,Exports,1993-02-28T00:00:00,52480,Monthly,TBEXTOT,2016-03-04T14:46:00
United States,Exports,1993-03-31T00:00:00,53035,Monthly,TBEXTOT,2016-03-04T14:46:00
United States,Exports,1993-04-30T00:00:00,53139,Monthly,TBEXTOT,2016-03-04T14:46:00
United States,Exports,1993-05-31T00:00:00,54229,Monthly,TBEXTOT,2016-03-04T14:46:00
United States,Exports,1993-06-30T00:00:00,52346,Monthly,TBEXTOT,2016-03-04T14:46:00
United States,Exports,1993-07-31T00:00:00,52818,Monthly,TBEXTOT,2016-03-04T14:46:00
United States,Exports,1993-08-31T00:00:00,53224,Monthly,TBEXTOT,2016-03-04T14:46:00
United States,Exports,1993-09-30T00:00:00,53648,Monthly,TBEXTOT,2016-03-04T14:46:00
United States,Exports,1993-10-31T00:00:00,55476,Monthly,TBEXTOT,2016-03-04T14:46:00
United States,Exports,1993-11-30T00:00:00,54345,Monthly,TBEXTOT,2016-03-04T14:46:00
United States,Exports,1993-12-31T00:00:00,55552,Monthly,TBEXTOT,2016-03-04T14:46:00
United States,Exports,1994-01-31T00:00:00,55159,Monthly,TBEXTOT,2016-03-04T14:46:00
United States,Exports,1994-02-28T00:00:00,53729,Monthly,TBEXTOT,2016-03-04T14:46:00
United States,Exports,1994-03-31T00:00:00,58307,Monthly,TBEXTOT,2016-03-04T14:46:00
United States,Exports,1994-04-30T00:00:00,56436,Monthly,TBEXTOT,2016-03-04T14:46:00
United States,Exports,1994-05-31T00:00:00,57342,Monthly,TBEXTOT,2016-03-04T14:46:00
United States,Exports,1994-06-30T00:00:00,58451,Monthly,TBEXTOT,2016-03-04T14:46:00
United States,Exports,1994-07-31T00:00:00,58492,Monthly,TBEXTOT,2016-03-04T14:46:00
United States,Exports,1994-08-31T00:00:00,60407,Monthly,TBEXTOT,2016-03-04T14:46:00
United States,Exports,1994-09-30T00:00:00,60715,Monthly,TBEXTOT,2016-03-04T14:46:00
United States,Exports,1994-10-31T00:00:00,59861,Monthly,TBEXTOT,2016-03-04T14:46:00
United States,Exports,1994-11-30T00:00:00,61532,Monthly,TBEXTOT,2016-03-04T14:46:00
United States,Exports,1994-12-31T00:00:00,62825,Monthly,TBEXTOT,2016-03-04T14:46:00
United States,Exports,1995-01-31T00:00:00,63118,Monthly,TBEXTOT,2016-03-04T14:46:00
United States,Exports,1995-02-28T00:00:00,63077,Monthly,TBEXTOT,2016-03-04T14:46:00
United States,Exports,1995-03-31T00:00:00,64349,Monthly,TBEXTOT,2016-03-04T14:46:00
United States,Exports,1995-04-30T00:00:00,65074,Monthly,TBEXTOT,2016-03-04T14:46:00
United States,Exports,1995-05-31T00:00:00,65755,Monthly,TBEXTOT,2016-03-04T14:46:00
United States,Exports,1995-06-30T00:00:00,64855,Monthly,TBEXTOT,2016-03-04T14:46:00
United States,Exports,1995-07-31T00:00:00,66560,Monthly,TBEXTOT,2016-03-04T14:46:00
United States,Exports,1995-08-31T00:00:00,67469,Monthly,TBEXTOT,2016-03-04T14:46:00
United States,Exports,1995-09-30T00:00:00,68943,Monthly,TBEXTOT,2016-03-04T14:46:00
United States,Exports,1995-10-31T00:00:00,68105,Monthly,TBEXTOT,2016-03-04T14:46:00
United States,Exports,1995-11-30T00:00:00,68009,Monthly,TBEXTOT,2016-03-04T14:46:00
United States,Exports,1995-12-31T00:00:00,69071,Monthly,TBEXTOT,2016-03-04T14:46:00
United States,Exports,1996-01-31T00:00:00,68299,Monthly,TBEXTOT,2016-03-04T14:46:00
United States,Exports,1996-02-29T00:00:00,69899,Monthly,TBEXTOT,2016-03-04T14:46:00
United States,Exports,1996-03-31T00:00:00,69797,Monthly,TBEXTOT,2016-03-04T14:46:00
United States,Exports,1996-04-30T00:00:00,70126,Monthly,TBEXTOT,2016-03-04T14:46:00
United States,Exports,1996-05-31T00:00:00,71029,Monthly,TBEXTOT,2016-03-04T14:46:00
United States,Exports,1996-06-30T00:00:00,71056,Monthly,TBEXTOT,2016-03-04T14:46:00
United States,Exports,1996-07-31T00:00:00,69404,Monthly,TBEXTOT,2016-03-04T14:46:00
United States,Exports,1996-08-31T00:00:00,70563,Monthly,TBEXTOT,2016-03-04T14:46:00
United States,Exports,1996-09-30T00:00:00,70553,Monthly,TBEXTOT,2016-03-04T14:46:00
United States,Exports,1996-10-31T00:00:00,73769,Monthly,TBEXTOT,2016-03-04T14:46:00
United States,Exports,1996-11-30T00:00:00,74263,Monthly,TBEXTOT,2016-03-04T14:46:00
United States,Exports,1996-12-31T00:00:00,72842,Monthly,TBEXTOT,2016-03-04T14:46:00
United States,Exports,1997-01-31T00:00:00,72910,Monthly,TBEXTOT,2016-03-04T14:46:00
United States,Exports,1997-02-28T00:00:00,75225,Monthly,TBEXTOT,2016-03-04T14:46:00
United States,Exports,1997-03-31T00:00:00,77050,Monthly,TBEXTOT,2016-03-04T14:46:00
United States,Exports,1997-04-30T00:00:00,77769,Monthly,TBEXTOT,2016-03-04T14:46:00
United States,Exports,1997-05-31T00:00:00,77883,Monthly,TBEXTOT,2016-03-04T14:46:00
United States,Exports,1997-06-30T00:00:00,78889,Monthly,TBEXTOT,2016-03-04T14:46:00
United States,Exports,1997-07-31T00:00:00,80099,Monthly,TBEXTOT,2016-03-04T14:46:00
United States,Exports,1997-08-31T00:00:00,78622,Monthly,TBEXTOT,2016-03-04T14:46:00
United States,Exports,1997-09-30T00:00:00,79287,Monthly,TBEXTOT,2016-03-04T14:46:00
United States,Exports,1997-10-31T00:00:00,79383,Monthly,TBEXTOT,2016-03-04T14:46:00
United States,Exports,1997-11-30T00:00:00,78300,Monthly,TBEXTOT,2016-03-04T14:46:00
United States,Exports,1997-12-31T00:00:00,79038,Monthly,TBEXTOT,2016-03-04T14:46:00
United States,Exports,1998-01-31T00:00:00,79008,Monthly,TBEXTOT,2016-03-04T14:46:00
United States,Exports,1998-02-28T00:00:00,77931,Monthly,TBEXTOT,2016-03-04T14:46:00
United States,Exports,1998-03-31T00:00:00,78812,Monthly,TBEXTOT,2016-03-04T14:46:00
United States,Exports,1998-04-30T00:00:00,77626,Monthly,TBEXTOT,2016-03-04T14:46:00
United States,Exports,1998-05-31T00:00:00,77147,Monthly,TBEXTOT,2016-03-04T14:46:00
United States,Exports,1998-06-30T00:00:00,76961,Monthly,TBEXTOT,2016-03-04T14:46:00
United States,Exports,1998-07-31T00:00:00,76149,Monthly,TBEXTOT,2016-03-04T14:46:00
United States,Exports,1998-08-31T00:00:00,75512,Monthly,TBEXTOT,2016-03-04T14:46:00
United States,Exports,1998-09-30T00:00:00,77179,Monthly,TBEXTOT,2016-03-04T14:46:00
United States,Exports,1998-10-31T00:00:00,79351,Monthly,TBEXTOT,2016-03-04T14:46:00
United States,Exports,1998-11-30T00:00:00,79117,Monthly,TBEXTOT,2016-03-04T14:46:00
United States,Exports,1998-12-31T00:00:00,78382,Monthly,TBEXTOT,2016-03-04T14:46:00
United States,Exports,1999-01-31T00:00:00,78473,Monthly,TBEXTOT,2020-06-04T13:54:00
United States,Exports,1999-02-28T00:00:00,78212,Monthly,TBEXTOT,2020-06-04T13:54:00
United States,Exports,1999-03-31T00:00:00,78701,Monthly,TBEXTOT,2020-06-04T13:54:00
United States,Exports,1999-04-30T00:00:00,79530,Monthly,TBEXTOT,2020-06-04T13:54:00
United States,Exports,1999-05-31T00:00:00,79539,Monthly,TBEXTOT,2020-06-04T13:54:00
United States,Exports,1999-06-30T00:00:00,79808,Monthly,TBEXTOT,2020-06-04T13:54:00
United States,Exports,1999-07-31T00:00:00,81122,Monthly,TBEXTOT,2020-06-04T13:54:00
United States,Exports,1999-08-31T00:00:00,82645,Monthly,TBEXTOT,2020-06-04T13:54:00
United States,Exports,1999-09-30T00:00:00,83727,Monthly,TBEXTOT,2020-06-04T13:54:00
United States,Exports,1999-10-31T00:00:00,83942,Monthly,TBEXTOT,2020-06-04T13:54:00
United States,Exports,1999-11-30T00:00:00,84633,Monthly,TBEXTOT,2020-06-04T13:54:00
United States,Exports,1999-12-31T00:00:00,86192,Monthly,TBEXTOT,2020-06-04T13:54:00
United States,Exports,2000-01-31T00:00:00,86001,Monthly,TBEXTOT,2020-06-04T13:54:00
United States,Exports,2000-02-29T00:00:00,86540,Monthly,TBEXTOT,2020-06-04T13:54:00
United States,Exports,2000-03-31T00:00:00,88115,Monthly,TBEXTOT,2020-06-04T13:54:00
United States,Exports,2000-04-30T00:00:00,89359,Monthly,TBEXTOT,2020-06-04T13:54:00
United States,Exports,2000-05-31T00:00:00,88958,Monthly,TBEXTOT,2020-06-04T13:54:00
United States,Exports,2000-06-30T00:00:00,91635,Monthly,TBEXTOT,2020-06-04T13:54:00
United States,Exports,2000-07-31T00:00:00,91195,Monthly,TBEXTOT,2020-06-04T13:54:00
United States,Exports,2000-08-31T00:00:00,93112,Monthly,TBEXTOT,2020-06-04T13:54:00
United States,Exports,2000-09-30T00:00:00,92896,Monthly,TBEXTOT,2020-06-04T13:54:00
United States,Exports,2000-10-31T00:00:00,92177,Monthly,TBEXTOT,2020-06-04T13:54:00
United States,Exports,2000-11-30T00:00:00,91919,Monthly,TBEXTOT,2020-06-04T13:54:00
United States,Exports,2000-12-31T00:00:00,91055,Monthly,TBEXTOT,2020-06-04T13:54:00
United States,Exports,2001-01-31T00:00:00,90795,Monthly,TBEXTOT,2020-06-04T13:54:00
United States,Exports,2001-02-28T00:00:00,91101,Monthly,TBEXTOT,2020-06-04T13:54:00
United States,Exports,2001-03-31T00:00:00,89251,Monthly,TBEXTOT,2020-06-04T13:54:00
United States,Exports,2001-04-30T00:00:00,87903,Monthly,TBEXTOT,2020-06-04T13:54:00
United States,Exports,2001-05-31T00:00:00,88477,Monthly,TBEXTOT,2020-06-04T13:54:00
United States,Exports,2001-06-30T00:00:00,85939,Monthly,TBEXTOT,2020-06-04T13:54:00
United States,Exports,2001-07-31T00:00:00,83201,Monthly,TBEXTOT,2020-06-04T13:54:00
United States,Exports,2001-08-31T00:00:00,83881,Monthly,TBEXTOT,2020-06-04T13:54:00
United States,Exports,2001-09-30T00:00:00,79509,Monthly,TBEXTOT,2020-06-04T13:54:00
United States,Exports,2001-10-31T00:00:00,79062,Monthly,TBEXTOT,2020-06-04T13:54:00
United States,Exports,2001-11-30T00:00:00,78446,Monthly,TBEXTOT,2020-06-04T13:54:00
United States,Exports,2001-12-31T00:00:00,77800,Monthly,TBEXTOT,2020-06-04T13:54:00
United States,Exports,2002-01-31T00:00:00,79260,Monthly,TBEXTOT,2020-06-04T13:54:00
United States,Exports,2002-02-28T00:00:00,79264,Monthly,TBEXTOT,2020-06-04T13:54:00
United States,Exports,2002-03-31T00:00:00,80345,Monthly,TBEXTOT,2020-06-04T13:54:00
United States,Exports,2002-04-30T00:00:00,82072,Monthly,TBEXTOT,2020-06-04T13:54:00
United States,Exports,2002-05-31T00:00:00,82427,Monthly,TBEXTOT,2020-06-04T13:54:00
United States,Exports,2002-06-30T00:00:00,83564,Monthly,TBEXTOT,2020-06-04T13:54:00
United States,Exports,2002-07-31T00:00:00,83724,Monthly,TBEXTOT,2020-06-04T13:54:00
United States,Exports,2002-08-31T00:00:00,83689,Monthly,TBEXTOT,2020-06-04T13:54:00
United States,Exports,2002-09-30T00:00:00,83487,Monthly,TBEXTOT,2020-06-04T13:54:00
United States,Exports,2002-10-31T00:00:00,82768,Monthly,TBEXTOT,2020-06-04T13:54:00
United States,Exports,2002-11-30T00:00:00,83919,Monthly,TBEXTOT,2020-06-04T13:54:00
United States,Exports,2002-12-31T00:00:00,81578,Monthly,TBEXTOT,2020-06-04T13:54:00
United States,Exports,2003-01-31T00:00:00,82513,Monthly,TBEXTOT,2020-06-04T13:54:00
United States,Exports,2003-02-28T00:00:00,83095,Monthly,TBEXTOT,2020-06-04T13:54:00
United States,Exports,2003-03-31T00:00:00,83156,Monthly,TBEXTOT,2020-06-04T13:54:00
United States,Exports,2003-04-30T00:00:00,82566,Monthly,TBEXTOT,2020-06-04T13:54:00
United States,Exports,2003-05-31T00:00:00,82630,Monthly,TBEXTOT,2020-06-04T13:54:00
United States,Exports,2003-06-30T00:00:00,85173,Monthly,TBEXTOT,2020-06-04T13:54:00
United States,Exports,2003-07-31T00:00:00,85944,Monthly,TBEXTOT,2020-06-04T13:54:00
United States,Exports,2003-08-31T00:00:00,84905,Monthly,TBEXTOT,2020-06-04T13:54:00
United States,Exports,2003-09-30T00:00:00,86969,Monthly,TBEXTOT,2020-06-04T13:54:00
United States,Exports,2003-10-31T00:00:00,88890,Monthly,TBEXTOT,2020-06-04T13:54:00
United States,Exports,2003-11-30T00:00:00,91322,Monthly,TBEXTOT,2020-06-04T13:54:00
United States,Exports,2003-12-31T00:00:00,91024,Monthly,TBEXTOT,2020-06-04T13:54:00
United States,Exports,2004-01-31T00:00:00,90564,Monthly,TBEXTOT,2020-06-04T13:54:00
United States,Exports,2004-02-29T00:00:00,94131,Monthly,TBEXTOT,2020-06-04T13:54:00
United States,Exports,2004-03-31T00:00:00,96707,Monthly,TBEXTOT,2020-06-04T13:54:00
United States,Exports,2004-04-30T00:00:00,96398,Monthly,TBEXTOT,2020-06-04T13:54:00
United States,Exports,2004-05-31T00:00:00,98197,Monthly,TBEXTOT,2020-06-04T13:54:00
United States,Exports,2004-06-30T00:00:00,95773,Monthly,TBEXTOT,2020-06-04T13:54:00
United States,Exports,2004-07-31T00:00:00,96907,Monthly,TBEXTOT,2020-06-04T13:54:00
United States,Exports,2004-08-31T00:00:00,97295,Monthly,TBEXTOT,2020-06-04T13:54:00
United States,Exports,2004-09-30T00:00:00,98782,Monthly,TBEXTOT,2020-06-04T13:54:00
United States,Exports,2004-10-31T00:00:00,100494,Monthly,TBEXTOT,2020-06-04T13:54:00
United States,Exports,2004-11-30T00:00:00,100090,Monthly,TBEXTOT,2020-06-04T13:54:00
United States,Exports,2004-12-31T00:00:00,102781,Monthly,TBEXTOT,2020-06-04T13:54:00
United States,Exports,2005-01-31T00:00:00,103206,Monthly,TBEXTOT,2020-06-04T13:54:00
United States,Exports,2005-02-28T00:00:00,104010,Monthly,TBEXTOT,2020-06-04T13:54:00
United States,Exports,2005-03-31T00:00:00,105098,Monthly,TBEXTOT,2020-06-04T13:54:00
United States,Exports,2005-04-30T00:00:00,107268,Monthly,TBEXTOT,2020-06-04T13:54:00
United States,Exports,2005-05-31T00:00:00,107079,Monthly,TBEXTOT,2020-06-04T13:54:00
United States,Exports,2005-06-30T00:00:00,107033,Monthly,TBEXTOT,2020-06-04T13:54:00
United States,Exports,2005-07-31T00:00:00,107082,Monthly,TBEXTOT,2020-06-04T13:54:00
United States,Exports,2005-08-31T00:00:00,108475,Monthly,TBEXTOT,2020-06-04T13:54:00
United States,Exports,2005-09-30T00:00:00,107156,Monthly,TBEXTOT,2020-06-04T13:54:00
United States,Exports,2005-10-31T00:00:00,109813,Monthly,TBEXTOT,2020-06-04T13:54:00
United States,Exports,2005-11-30T00:00:00,111462,Monthly,TBEXTOT,2020-06-04T13:54:00
United States,Exports,2005-12-31T00:00:00,113822,Monthly,TBEXTOT,2020-06-04T13:54:00
United States,Exports,2006-01-31T00:00:00,115831,Monthly,TBEXTOT,2020-06-04T13:54:00
United States,Exports,2006-02-28T00:00:00,116871,Monthly,TBEXTOT,2020-06-04T13:54:00
United States,Exports,2006-03-31T00:00:00,118821,Monthly,TBEXTOT,2020-06-04T13:54:00
United States,Exports,2006-04-30T00:00:00,119611,Monthly,TBEXTOT,2020-06-04T13:54:00
United States,Exports,2006-05-31T00:00:00,121155,Monthly,TBEXTOT,2020-06-04T13:54:00
United States,Exports,2006-06-30T00:00:00,122726,Monthly,TBEXTOT,2020-06-04T13:54:00
United States,Exports,2006-07-31T00:00:00,120430,Monthly,TBEXTOT,2020-06-04T13:54:00
United States,Exports,2006-08-31T00:00:00,122780,Monthly,TBEXTOT,2020-06-04T13:54:00
United States,Exports,2006-09-30T00:00:00,124052,Monthly,TBEXTOT,2020-06-04T13:54:00
United States,Exports,2006-10-31T00:00:00,125532,Monthly,TBEXTOT,2020-06-04T13:54:00
United States,Exports,2006-11-30T00:00:00,127388,Monthly,TBEXTOT,2020-06-04T13:54:00
United States,Exports,2006-12-31T00:00:00,128795,Monthly,TBEXTOT,2020-06-04T13:54:00
United States,Exports,2007-01-31T00:00:00,130648,Monthly,TBEXTOT,2020-06-04T13:54:00
United States,Exports,2007-02-28T00:00:00,129481,Monthly,TBEXTOT,2020-06-04T13:54:00
United States,Exports,2007-03-31T00:00:00,133835,Monthly,TBEXTOT,2020-06-04T13:54:00
United States,Exports,2007-04-30T00:00:00,133351,Monthly,TBEXTOT,2020-06-04T13:54:00
United States,Exports,2007-05-31T00:00:00,135835,Monthly,TBEXTOT,2020-06-04T13:54:00
United States,Exports,2007-06-30T00:00:00,137312,Monthly,TBEXTOT,2020-06-04T13:54:00
United States,Exports,2007-07-31T00:00:00,138546,Monthly,TBEXTOT,2020-06-04T13:54:00
United States,Exports,2007-08-31T00:00:00,141519,Monthly,TBEXTOT,2020-06-04T13:54:00
United States,Exports,2007-09-30T00:00:00,142069,Monthly,TBEXTOT,2020-06-04T13:54:00
United States,Exports,2007-10-31T00:00:00,144525,Monthly,TBEXTOT,2020-06-04T13:54:00
United States,Exports,2007-11-30T00:00:00,146264,Monthly,TBEXTOT,2020-06-04T13:54:00
United States,Exports,2007-12-31T00:00:00,147428,Monthly,TBEXTOT,2020-06-04T13:54:00
United States,Exports,2008-01-31T00:00:00,151094,Monthly,TBEXTOT,2020-06-04T13:54:00
United States,Exports,2008-02-29T00:00:00,153660,Monthly,TBEXTOT,2020-06-04T13:54:00
United States,Exports,2008-03-31T00:00:00,152900,Monthly,TBEXTOT,2020-06-04T13:54:00
United States,Exports,2008-04-30T00:00:00,157363,Monthly,TBEXTOT,2020-06-04T13:54:00
United States,Exports,2008-05-31T00:00:00,159081,Monthly,TBEXTOT,2020-06-04T13:54:00
United States,Exports,2008-06-30T00:00:00,164072,Monthly,TBEXTOT,2020-06-04T13:54:00
United States,Exports,2008-07-31T00:00:00,166232,Monthly,TBEXTOT,2020-06-04T13:54:00
United States,Exports,2008-08-31T00:00:00,163335,Monthly,TBEXTOT,2020-06-04T13:54:00
United States,Exports,2008-09-30T00:00:00,154611,Monthly,TBEXTOT,2020-06-04T13:54:00
United States,Exports,2008-10-31T00:00:00,151854,Monthly,TBEXTOT,2020-06-04T13:54:00
United States,Exports,2008-11-30T00:00:00,142973,Monthly,TBEXTOT,2020-06-04T13:54:00
United States,Exports,2008-12-31T00:00:00,132410,Monthly,TBEXTOT,2020-06-04T13:54:00
United States,Exports,2009-01-31T00:00:00,125859,Monthly,TBEXTOT,2020-06-04T13:54:00
United States,Exports,2009-02-28T00:00:00,127893,Monthly,TBEXTOT,2020-06-04T13:54:00
United States,Exports,2009-03-31T00:00:00,126478,Monthly,TBEXTOT,2020-06-04T13:54:00
United States,Exports,2009-04-30T00:00:00,125323,Monthly,TBEXTOT,2020-06-04T13:54:00
United States,Exports,2009-05-31T00:00:00,127342,Monthly,TBEXTOT,2020-06-04T13:54:00
United States,Exports,2009-06-30T00:00:00,129796,Monthly,TBEXTOT,2020-06-04T13:54:00
United States,Exports,2009-07-31T00:00:00,131878,Monthly,TBEXTOT,2020-06-04T13:54:00
United States,Exports,2009-08-31T00:00:00,132567,Monthly,TBEXTOT,2020-06-04T13:54:00
United States,Exports,2009-09-30T00:00:00,137047,Monthly,TBEXTOT,2020-06-04T13:54:00
United States,Exports,2009-10-31T00:00:00,141055,Monthly,TBEXTOT,2020-06-04T13:54:00
United States,Exports,2009-11-30T00:00:00,142075,Monthly,TBEXTOT,2020-06-04T13:54:00
United States,Exports,2009-12-31T00:00:00,145480,Monthly,TBEXTOT,2020-06-04T13:54:00
United States,Exports,2010-01-31T00:00:00,145718,Monthly,TBEXTOT,2020-06-04T13:54:00
United States,Exports,2010-02-28T00:00:00,146849,Monthly,TBEXTOT,2020-06-04T13:54:00
United States,Exports,2010-03-31T00:00:00,151080,Monthly,TBEXTOT,2020-06-04T13:54:00
United States,Exports,2010-04-30T00:00:00,150006,Monthly,TBEXTOT,2020-06-04T13:54:00
United States,Exports,2010-05-31T00:00:00,153819,Monthly,TBEXTOT,2020-06-04T13:54:00
United States,Exports,2010-06-30T00:00:00,153326,Monthly,TBEXTOT,2020-06-04T13:54:00
United States,Exports,2010-07-31T00:00:00,156763,Monthly,TBEXTOT,2020-06-04T13:54:00
United States,Exports,2010-08-31T00:00:00,157769,Monthly,TBEXTOT,2020-06-04T13:54:00
United States,Exports,2010-09-30T00:00:00,158624,Monthly,TBEXTOT,2020-06-04T13:54:00
United States,Exports,2010-10-31T00:00:00,164234,Monthly,TBEXTOT,2020-06-04T13:54:00
United States,Exports,2010-11-30T00:00:00,165621,Monthly,TBEXTOT,2020-06-04T13:54:00
United States,Exports,2010-12-31T00:00:00,168510,Monthly,TBEXTOT,2020-06-04T13:54:00
United States,Exports,2011-01-31T00:00:00,169897,Monthly,TBEXTOT,2020-06-04T13:54:00
United States,Exports,2011-02-28T00:00:00,168665,Monthly,TBEXTOT,2020-06-04T13:54:00
United States,Exports,2011-03-31T00:00:00,176676,Monthly,TBEXTOT,2020-06-04T13:54:00
United States,Exports,2011-04-30T00:00:00,178839,Monthly,TBEXTOT,2020-06-04T13:54:00
United States,Exports,2011-05-31T00:00:00,178856,Monthly,TBEXTOT,2020-06-04T13:54:00
United States,Exports,2011-06-30T00:00:00,176894,Monthly,TBEXTOT,2020-06-04T13:54:00
United States,Exports,2011-07-31T00:00:00,181502,Monthly,TBEXTOT,2020-06-04T13:54:00
United States,Exports,2011-08-31T00:00:00,182475,Monthly,TBEXTOT,2020-06-04T13:54:00
United States,Exports,2011-09-30T00:00:00,183858,Monthly,TBEXTOT,2020-06-04T13:54:00
United States,Exports,2011-10-31T00:00:00,182681,Monthly,TBEXTOT,2020-06-04T13:54:00
United States,Exports,2011-11-30T00:00:00,180797,Monthly,TBEXTOT,2020-06-04T13:54:00
United States,Exports,2011-12-31T00:00:00,182411,Monthly,TBEXTOT,2020-06-04T13:54:00
United States,Exports,2012-01-31T00:00:00,182425,Monthly,TBEXTOT,2020-06-04T13:54:00
United States,Exports,2012-02-29T00:00:00,185085,Monthly,TBEXTOT,2020-06-04T13:54:00
United States,Exports,2012-03-31T00:00:00,188511,Monthly,TBEXTOT,2020-06-04T13:54:00
United States,Exports,2012-04-30T00:00:00,187092,Monthly,TBEXTOT,2020-06-04T13:54:00
United States,Exports,2012-05-31T00:00:00,187375,Monthly,TBEXTOT,2020-06-04T13:54:00
United States,Exports,2012-06-30T00:00:00,187247,Monthly,TBEXTOT,2020-06-04T13:54:00
United States,Exports,2012-07-31T00:00:00,186714,Monthly,TBEXTOT,2020-06-04T13:54:00
United States,Exports,2012-08-31T00:00:00,184999,Monthly,TBEXTOT,2020-06-04T13:54:00
United States,Exports,2012-09-30T00:00:00,191182,Monthly,TBEXTOT,2020-06-04T13:54:00
United States,Exports,2012-10-31T00:00:00,186133,Monthly,TBEXTOT,2020-06-04T13:54:00
United States,Exports,2012-11-30T00:00:00,188461,Monthly,TBEXTOT,2020-06-04T13:54:00
United States,Exports,2012-12-31T00:00:00,192226,Monthly,TBEXTOT,2020-06-04T13:54:00
United States,Exports,2013-01-31T00:00:00,190293,Monthly,TBEXTOT,2020-06-04T13:54:00
United States,Exports,2013-02-28T00:00:00,192452,Monthly,TBEXTOT,2020-06-04T13:54:00
United States,Exports,2013-03-31T00:00:00,189874,Monthly,TBEXTOT,2020-06-04T13:54:00
United States,Exports,2013-04-30T00:00:00,190619,Monthly,TBEXTOT,2020-06-04T13:54:00
United States,Exports,2013-05-31T00:00:00,189852,Monthly,TBEXTOT,2020-06-04T13:54:00
United States,Exports,2013-06-30T00:00:00,192934,Monthly,TBEXTOT,2020-06-04T13:54:00
United States,Exports,2013-07-31T00:00:00,192136,Monthly,TBEXTOT,2020-06-04T13:54:00
United States,Exports,2013-08-31T00:00:00,192458,Monthly,TBEXTOT,2020-06-04T13:54:00
United States,Exports,2013-09-30T00:00:00,192512,Monthly,TBEXTOT,2020-06-04T13:54:00
United States,Exports,2013-10-31T00:00:00,196476,Monthly,TBEXTOT,2020-06-04T13:54:00
United States,Exports,2013-11-30T00:00:00,197292,Monthly,TBEXTOT,2020-06-04T13:54:00
United States,Exports,2013-12-31T00:00:00,196338,Monthly,TBEXTOT,2020-06-04T13:54:00
United States,Exports,2014-01-31T00:00:00,195778,Monthly,TBEXTOT,2020-06-04T13:54:00
United States,Exports,2014-02-28T00:00:00,195041,Monthly,TBEXTOT,2020-06-04T13:54:00
United States,Exports,2014-03-31T00:00:00,199537,Monthly,TBEXTOT,2020-06-04T13:54:00
United States,Exports,2014-04-30T00:00:00,199029,Monthly,TBEXTOT,2020-06-04T13:54:00
United States,Exports,2014-05-31T00:00:00,201388,Monthly,TBEXTOT,2020-06-04T13:54:00
United States,Exports,2014-06-30T00:00:00,200482,Monthly,TBEXTOT,2020-06-04T13:54:00
United States,Exports,2014-07-31T00:00:00,200725,Monthly,TBEXTOT,2020-06-04T13:54:00
United States,Exports,2014-08-31T00:00:00,202191,Monthly,TBEXTOT,2020-06-04T13:54:00
United States,Exports,2014-09-30T00:00:00,199520,Monthly,TBEXTOT,2020-06-04T13:54:00
United States,Exports,2014-10-31T00:00:00,201339,Monthly,TBEXTOT,2020-06-04T13:54:00
United States,Exports,2014-11-30T00:00:00,198857,Monthly,TBEXTOT,2020-06-04T13:54:00
United States,Exports,2014-12-31T00:00:00,198380,Monthly,TBEXTOT,2020-06-04T13:54:00
United States,Exports,2015-01-31T00:00:00,194246,Monthly,TBEXTOT,2020-06-04T13:54:00
United States,Exports,2015-02-28T00:00:00,191911,Monthly,TBEXTOT,2020-06-04T13:54:00
United States,Exports,2015-03-31T00:00:00,192245,Monthly,TBEXTOT,2020-06-04T13:54:00
United States,Exports,2015-04-30T00:00:00,193045,Monthly,TBEXTOT,2020-06-04T13:54:00
United States,Exports,2015-05-31T00:00:00,191824,Monthly,TBEXTOT,2020-06-04T13:54:00
United States,Exports,2015-06-30T00:00:00,191404,Monthly,TBEXTOT,2020-06-04T13:54:00
United States,Exports,2015-07-31T00:00:00,190758,Monthly,TBEXTOT,2020-06-04T13:54:00
United States,Exports,2015-08-31T00:00:00,188003,Monthly,TBEXTOT,2020-06-04T13:54:00
United States,Exports,2015-09-30T00:00:00,189036,Monthly,TBEXTOT,2020-06-04T13:54:00
United States,Exports,2015-10-31T00:00:00,187657,Monthly,TBEXTOT,2020-06-04T13:54:00
United States,Exports,2015-11-30T00:00:00,185243,Monthly,TBEXTOT,2020-06-04T13:54:00
United States,Exports,2015-12-31T00:00:00,184371,Monthly,TBEXTOT,2020-06-04T13:54:00
United States,Exports,2016-01-31T00:00:00,181109,Monthly,TBEXTOT,2020-06-04T13:54:00
United States,Exports,2016-02-29T00:00:00,183276,Monthly,TBEXTOT,2020-06-04T13:54:00
United States,Exports,2016-03-31T00:00:00,181881,Monthly,TBEXTOT,2020-06-04T13:54:00
United States,Exports,2016-04-30T00:00:00,183553,Monthly,TBEXTOT,2020-06-04T13:54:00
United States,Exports,2016-05-31T00:00:00,184230,Monthly,TBEXTOT,2020-06-04T13:54:00
United States,Exports,2016-06-30T00:00:00,186019,Monthly,TBEXTOT,2020-06-04T13:54:00
United States,Exports,2016-07-31T00:00:00,186950,Monthly,TBEXTOT,2020-06-04T13:54:00
United States,Exports,2016-08-31T00:00:00,189893,Monthly,TBEXTOT,2020-06-04T13:54:00
United States,Exports,2016-09-30T00:00:00,190772,Monthly,TBEXTOT,2020-06-04T13:54:00
United States,Exports,2016-10-31T00:00:00,189359,Monthly,TBEXTOT,2020-06-04T13:54:00
United States,Exports,2016-11-30T00:00:00,187896,Monthly,TBEXTOT,2020-06-04T13:54:00
United States,Exports,2016-12-31T00:00:00,192986,Monthly,TBEXTOT,2020-06-04T13:54:00
United States,Exports,2017-01-31T00:00:00,195456,Monthly,TBEXTOT,2020-06-04T13:54:00
United States,Exports,2017-02-28T00:00:00,196060,Monthly,TBEXTOT,2020-06-04T13:54:00
United States,Exports,2017-03-31T00:00:00,195377,Monthly,TBEXTOT,2020-06-04T13:54:00
United States,Exports,2017-04-30T00:00:00,195251,Monthly,TBEXTOT,2020-06-04T13:54:00
United States,Exports,2017-05-31T00:00:00,194910,Monthly,TBEXTOT,2020-06-04T13:54:00
United States,Exports,2017-06-30T00:00:00,197013,Monthly,TBEXTOT,2020-06-04T13:54:00
United States,Exports,2017-07-31T00:00:00,196432,Monthly,TBEXTOT,2020-06-04T13:54:00
United States,Exports,2017-08-31T00:00:00,198212,Monthly,TBEXTOT,2020-06-04T13:54:00
United States,Exports,2017-09-30T00:00:00,200589,Monthly,TBEXTOT,2020-06-04T13:54:00
United States,Exports,2017-10-31T00:00:00,202314,Monthly,TBEXTOT,2020-06-04T13:54:00
United States,Exports,2017-11-30T00:00:00,206199,Monthly,TBEXTOT,2020-06-04T13:54:00
United States,Exports,2017-12-31T00:00:00,209576,Monthly,TBEXTOT,2020-06-04T13:54:00
United States,Exports,2018-01-31T00:00:00,207127,Monthly,TBEXTOT,2020-06-04T13:54:00
United States,Exports,2018-02-28T00:00:00,209943,Monthly,TBEXTOT,2020-06-04T13:54:00
United States,Exports,2018-03-31T00:00:00,213279,Monthly,TBEXTOT,2020-06-04T13:54:00
United States,Exports,2018-04-30T00:00:00,212096,Monthly,TBEXTOT,2020-06-04T13:54:00
United States,Exports,2018-05-31T00:00:00,215032,Monthly,TBEXTOT,2020-06-04T13:54:00
United States,Exports,2018-06-30T00:00:00,212549,Monthly,TBEXTOT,2020-06-04T13:54:00
United States,Exports,2018-07-31T00:00:00,210606,Monthly,TBEXTOT,2020-06-04T13:54:00
United States,Exports,2018-08-31T00:00:00,210833,Monthly,TBEXTOT,2020-06-04T13:54:00
United States,Exports,2018-09-30T00:00:00,213188,Monthly,TBEXTOT,2020-06-04T13:54:00
United States,Exports,2018-10-31T00:00:00,214322,Monthly,TBEXTOT,2020-06-04T13:54:00
United States,Exports,2018-11-30T00:00:00,211465,Monthly,TBEXTOT,2020-06-04T13:54:00
United States,Exports,2018-12-31T00:00:00,208944,Monthly,TBEXTOT,2020-06-04T13:54:00
United States,Exports,2019-01-31T00:00:00,210243,Monthly,TBEXTOT,2020-06-04T13:14:00
United States,Exports,2019-02-28T00:00:00,210809,Monthly,TBEXTOT,2020-06-04T13:14:00
United States,Exports,2019-03-31T00:00:00,213157,Monthly,TBEXTOT,2020-06-04T13:14:00
United States,Exports,2019-04-30T00:00:00,209288,Monthly,TBEXTOT,2020-06-04T13:14:00
United States,Exports,2019-05-31T00:00:00,212852,Monthly,TBEXTOT,2020-06-04T13:14:00
United States,Exports,2019-06-30T00:00:00,209254,Monthly,TBEXTOT,2020-06-04T13:14:00
United States,Exports,2019-07-31T00:00:00,210462,Monthly,TBEXTOT,2020-06-04T13:14:00
United States,Exports,2019-08-31T00:00:00,210517,Monthly,TBEXTOT,2020-06-04T13:14:00
United States,Exports,2019-09-30T00:00:00,209210,Monthly,TBEXTOT,2020-06-04T13:14:00
United States,Exports,2019-10-31T00:00:00,210403,Monthly,TBEXTOT,2020-06-04T13:14:00
United States,Exports,2019-11-30T00:00:00,210571,Monthly,TBEXTOT,2020-06-04T13:14:00
United States,Exports,2019-12-31T00:00:00,211496,Monthly,TBEXTOT,2020-06-04T13:14:00
United States,Exports,2020-01-31T00:00:00,209270,Monthly,TBEXTOT,2020-09-03T13:00:00
United States,Exports,2020-02-29T00:00:00,209652,Monthly,TBEXTOT,2020-09-03T13:00:00
United States,Exports,2020-03-31T00:00:00,186630,Monthly,TBEXTOT,2020-09-03T13:00:00
United States,Exports,2020-04-30T00:00:00,147371,Monthly,TBEXTOT,2020-09-03T13:00:00
United States,Exports,2020-05-31T00:00:00,141804,Monthly,TBEXTOT,2020-09-03T13:00:00
United States,Exports,2020-06-30T00:00:00,155478,Monthly,TBEXTOT,2020-09-03T13:00:00
United States,Exports,2020-07-31T00:00:00,168316,Monthly,TBEXTOT,2020-10-06T12:43:00
United States,Exports,2020-08-31T00:00:00,171966,Monthly,TBEXTOT,2020-11-04T13:31:00
United States,Exports,2020-09-30T00:00:00,176354,Monthly,TBEXTOT,2020-11-04T13:44:00
